Max Plantar Torque=1, Max Dorsi Torque=0.3, start time=0.25, endTime=0.65, upTimeRatio=0.75, dirPlantar=-1, 1670487491.662860369, 1, CyclicSynchronousPositionMode, 0, 0, -0.11308, -0.00540025, 0, 0, 0
1670487491.667969758, 1, CyclicSynchronousPositionMode, 0, 0, 0.07196, 0.00343652, 0, 0, 0
1670487491.672847718, 1, CyclicSynchronousPositionMode, 0, 0, 0.03598, 0.00171826, 0, 0, 0
1670487491.677867464, 1, CyclicSynchronousPositionMode, 0, 0, -0.0771, -0.00368199, 0, 0, 0
1670487491.682863064, 1, CyclicSynchronousPositionMode, 0, 0, -0.05654, -0.00270012, 0, 0, 0
1670487491.687859146, 1, CyclicSynchronousPositionMode, 0, 0, -0.01028, -0.000490932, 0, 0, 0
1670487491.692840729, 1, CyclicSynchronousPositionMode, 0, 0, -0.02056, -0.000981863, 0, 0, 0
1670487491.697936124, 1, CyclicSynchronousPositionMode, 0, 0, -0.04112, -0.00196373, 0, 0, 0
1670487491.703265703, 1, CyclicSynchronousPositionMode, 0, 0, -0.03084, -0.0014728, 0, 0, 0
1670487491.707854498, 1, CyclicSynchronousPositionMode, 0, 0, -0.06682, -0.00319106, 0, 0, 0
1670487491.712834306, 1, CyclicSynchronousPositionMode, 0, 0, -0.11308, -0.00540025, 0, 0, 0
1670487491.717925129, 1, CyclicSynchronousPositionMode, 0, 0, -0.08738, -0.00417292, 0, 0, 0
1670487491.722856953, 1, CyclicSynchronousPositionMode, 0, 0, 0.01542, 0.000736398, 0, 0, 0
1670487491.727878488, 1, CyclicSynchronousPositionMode, 0, 0, -0.1799, -0.0085913, 0, 0, 0
1670487491.732863441, 1, CyclicSynchronousPositionMode, 0, 0, -0.14392, -0.00687304, 0, 0, 0
1670487491.737883165, 1, CyclicSynchronousPositionMode, 0, 0, -0.0771, -0.00368199, 0, 0, 0
1670487491.742867349, 1, CyclicSynchronousPositionMode, 0, 0, -0.08738, -0.00417292, 0, 0, 0
1670487491.747907024, 1, CyclicSynchronousPositionMode, 0, 0, -0.05654, -0.00270012, 0, 0, 0
1670487491.752836099, 1, CyclicSynchronousPositionMode, 0, 0, -0.03084, -0.0014728, 0, 0, 0
1670487491.757863640, 1, CyclicSynchronousPositionMode, 0, 0, 0.00514, 0.000245466, 0, 0, 0
1670487491.762915889, 1, CyclicSynchronousPositionMode, 0, 0, -0.06682, -0.00319106, 0, 0, 0
1670487491.767880958, 1, CyclicSynchronousPositionMode, 0, 0, -0.03084, -0.0014728, 0, 0, 0
1670487491.772842135, 1, CyclicSynchronousPositionMode, 0, 0, -0.04112, -0.00196373, 0, 0, 0
1670487491.777858749, 1, CyclicSynchronousPositionMode, 0, 0, -0.05654, -0.00270012, 0, 0, 0
1670487491.782875418, 1, CyclicSynchronousPositionMode, 0, 0, -0.05654, -0.00270012, 0, 0, 0
1670487491.787856639, 1, CyclicSynchronousPositionMode, 0, 0, -0.0771, -0.00368199, 0, 0, 0
1670487491.792905274, 1, CyclicSynchronousPositionMode, 0, 0, -0.03084, -0.0014728, 0, 0, 0
1670487491.797902733, 1, CyclicSynchronousPositionMode, 0, 0, -0.09766, -0.00466385, 0, 0, 0
1670487491.802854159, 1, CyclicSynchronousPositionMode, 0, 0, -0.04112, -0.00196373, 0, 0, 0
1670487491.807853416, 1, CyclicSynchronousPositionMode, 0, 0, -0.05654, -0.00270012, 0, 0, 0
1670487491.812840180, 1, CyclicSynchronousPositionMode, 0, 0, -0.0771, -0.00368199, 0, 0, 0
1670487491.817923074, 1, CyclicSynchronousPositionMode, 0, 0, -0.02056, -0.000981863, 0, 0, 0
1670487491.822896745, 1, CyclicSynchronousPositionMode, 0, 0, -0.03084, -0.0014728, 0, 0, 0
1670487491.827859833, 1, CyclicSynchronousPositionMode, 0, 0, -0.02056, -0.000981863, 0, 0, 0
1670487491.832856977, 1, CyclicSynchronousPositionMode, 0, 0, -0.08738, -0.00417292, 0, 0, 0
1670487491.837887743, 1, CyclicSynchronousPositionMode, 0, 0, -0.06682, -0.00319106, 0, 0, 0
1670487491.842859773, 1, CyclicSynchronousPositionMode, 0, 0, -0.03084, -0.0014728, 0, 0, 0
1670487491.847893060, 1, CyclicSynchronousPositionMode, 0, 0, -0.06682, -0.00319106, 0, 0, 0
1670487491.852875373, 1, CyclicSynchronousPositionMode, 0, 0, -0.02056, -0.000981863, 0, 0, 0
1670487491.857862494, 1, CyclicSynchronousPositionMode, 0, 0, -0.12336, -0.00589118, 0, 0, 0
1670487491.862868788, 1, CyclicSynchronousPositionMode, 0, 0, -0.12336, -0.00589118, 0, 0, 0
1670487491.867916730, 1, CyclicSynchronousPositionMode, 0, 0, -0.05654, -0.00270012, 0, 0, 0
1670487491.872854092, 1, CyclicSynchronousPositionMode, 0, 0, -0.03084, -0.0014728, 0, 0, 0
1670487491.877852968, 1, CyclicSynchronousPositionMode, 0, 0, -0.11308, -0.00540025, 0, 0, 0
1670487491.882871957, 1, CyclicSynchronousPositionMode, 0, 0, -0.05654, -0.00270012, 0, 0, 0
1670487491.887890425, 1, CyclicSynchronousPositionMode, 0, 0, -0.09766, -0.00466385, 0, 0, 0
1670487491.892843303, 1, CyclicSynchronousPositionMode, 0, 0, -0.12336, -0.00589118, 0, 0, 0
1670487491.897903986, 1, CyclicSynchronousPositionMode, 0, 0, -0.04112, -0.00196373, 0, 0, 0
1670487491.903246632, 1, CyclicSynchronousPositionMode, 0, 0, -0.03084, -0.0014728, 0, 0, 0
1670487491.907849391, 1, CyclicSynchronousPositionMode, 0, 0, -0.09766, -0.00466385, 0, 0, 0
1670487491.912857701, 1, CyclicSynchronousPositionMode, 0, 0, -0.08738, -0.00417292, 0, 0, 0
1670487491.917955144, 1, CyclicSynchronousPositionMode, 0, 0, -0.11308, -0.00540025, 0, 0, 0
1670487491.922852376, 1, CyclicSynchronousPositionMode, 0, 0, -0.03084, -0.0014728, 0, 0, 0
1670487491.927859038, 1, CyclicSynchronousPositionMode, 0, 0, -0.12336, -0.00589118, 0, 0, 0
1670487491.932859263, 1, CyclicSynchronousPositionMode, 0, 0, -0.01028, -0.000490932, 0, 0, 0
1670487491.937847176, 1, CyclicSynchronousPositionMode, 0, 0, -0.05654, -0.00270012, 0, 0, 0
1670487491.942851764, 1, CyclicSynchronousPositionMode, 0, 0, -0.05654, -0.00270012, 0, 0, 0
1670487491.947935951, 1, CyclicSynchronousPositionMode, 0, 0, -0.09766, -0.00466385, 0, 0, 0
1670487491.953234338, 1, CyclicSynchronousPositionMode, 0, 0, -0.04112, -0.00196373, 0, 0, 0
1670487491.957848580, 1, CyclicSynchronousPositionMode, 0, 0, -0.02056, -0.000981863, 0, 0, 0
1670487491.962863161, 1, CyclicSynchronousPositionMode, 0, 0, -0.09766, -0.00466385, 0, 0, 0
1670487491.967916727, 1, CyclicSynchronousPositionMode, 0, 0, -0.14392, -0.00687304, 0, 0, 0
1670487491.972848542, 1, CyclicSynchronousPositionMode, 0, 0, -0.11308, -0.00540025, 0, 0, 0
1670487491.977875427, 1, CyclicSynchronousPositionMode, 0, 0, -0.06682, -0.00319106, 0, 0, 0
1670487491.982875575, 1, CyclicSynchronousPositionMode, 0, 0, -0.05654, -0.00270012, 0, 0, 0
1670487491.987888281, 1, CyclicSynchronousPositionMode, 0, 0, -0.14392, -0.00687304, 0, 0, 0
1670487491.992852614, 1, CyclicSynchronousPositionMode, 0, 0, -0.06682, -0.00319106, 0, 0, 0
1670487491.997904480, 1, CyclicSynchronousPositionMode, 0, 0, -0.03084, -0.0014728, 0, 0, 0
1670487492.002871278, 1, CyclicSynchronousPositionMode, 0, 0, -0.11308, -0.00540025, 0, 0, 0
1670487492.007870531, 1, CyclicSynchronousPositionMode, 0, 0, -0.03084, -0.0014728, 0, 0, 0
1670487492.012891947, 1, CyclicSynchronousPositionMode, 0, 0, -0.02056, -0.000981863, 0, 0, 0
1670487492.017915140, 1, CyclicSynchronousPositionMode, 0, 0, -0.06682, -0.00319106, 0, 0, 0
1670487492.022861188, 1, CyclicSynchronousPositionMode, 0, 0, -0.05654, -0.00270012, 0, 0, 0
1670487492.027853168, 1, CyclicSynchronousPositionMode, 0, 0, -0.06682, -0.00319106, 0, 0, 0
1670487492.032846100, 1, CyclicSynchronousPositionMode, 0, 0, -0.11308, -0.00540025, 0, 0, 0
1670487492.037855459, 1, CyclicSynchronousPositionMode, 0, 0, -0.05654, -0.00270012, 0, 0, 0
1670487492.042926784, 1, CyclicSynchronousPositionMode, 0, 0, -0.05654, -0.00270012, 0, 0, 0
1670487492.047905937, 1, CyclicSynchronousPositionMode, 0, 0, -0.12336, -0.00589118, 0, 0, 0
1670487492.052847300, 1, CyclicSynchronousPositionMode, 0, 0, -0.05654, -0.00270012, 0, 0, 0
1670487492.057860162, 1, CyclicSynchronousPositionMode, 0, 0, -0.06682, -0.00319106, 0, 0, 0
1670487492.062854607, 1, CyclicSynchronousPositionMode, 0, 0, -0.12336, -0.00589118, 0, 0, 0
1670487492.067916907, 1, CyclicSynchronousPositionMode, 0, 0, 0.00514, 0.000245466, 0, 0, 0
1670487492.072886948, 1, CyclicSynchronousPositionMode, 0, 0, -0.03084, -0.0014728, 0, 0, 0
1670487492.077853060, 1, CyclicSynchronousPositionMode, 0, 0, -0.05654, -0.00270012, 0, 0, 0
1670487492.082864795, 1, CyclicSynchronousPositionMode, 0, 0, -0.06682, -0.00319106, 0, 0, 0
1670487492.087883177, 1, CyclicSynchronousPositionMode, 0, 0, -0.0771, -0.00368199, 0, 0, 0
1670487492.092843183, 1, CyclicSynchronousPositionMode, 0, 0, -0.1799, -0.0085913, 0, 0, 0
1670487492.097910675, 1, CyclicSynchronousPositionMode, 0, 0, -0.14392, -0.00687304, 0, 0, 0
1670487492.102889445, 1, CyclicSynchronousPositionMode, 0, 0, -0.04112, -0.00196373, 0, 0, 0
1670487492.107858073, 1, CyclicSynchronousPositionMode, 0, 0, -0.14392, -0.00687304, 0, 0, 0
1670487492.112860032, 1, CyclicSynchronousPositionMode, 0, 0, -0.1542, -0.00736398, 0, 0, 0
1670487492.117903597, 1, CyclicSynchronousPositionMode, 0, 0, -0.12336, -0.00589118, 0, 0, 0
1670487492.122859896, 1, CyclicSynchronousPositionMode, 0, 0, -0.09766, -0.00466385, 0, 0, 0
1670487492.127864196, 1, CyclicSynchronousPositionMode, 0, 0, -0.11308, -0.00540025, 0, 0, 0
1670487492.132852546, 1, CyclicSynchronousPositionMode, 0, 0, -0.04112, -0.00196373, 0, 0, 0
1670487492.137899811, 1, CyclicSynchronousPositionMode, 0, 0, -0.14392, -0.00687304, 0, 0, 0
1670487492.142851969, 1, CyclicSynchronousPositionMode, 0, 0, -0.0771, -0.00368199, 0, 0, 0
1670487492.147902212, 1, CyclicSynchronousPositionMode, 0, 0, 0.01542, 0.000736398, 0, 0, 0
1670487492.152848738, 1, CyclicSynchronousPositionMode, 0, 0, -0.09766, -0.00466385, 0, 0, 0
1670487492.157862287, 1, CyclicSynchronousPositionMode, 0, 0, -0.09766, -0.00466385, 0, 0, 0
1670487492.162849202, 1, CyclicSynchronousPositionMode, 0, 0, -0.04112, -0.00196373, 0, 0, 0
1670487492.167949038, 1, CyclicSynchronousPositionMode, 0, 0, -0.02056, -0.000981863, 0, 0, 0
1670487492.172846028, 1, CyclicSynchronousPositionMode, 0, 0, -0.06682, -0.00319106, 0, 0, 0
1670487492.177856251, 1, CyclicSynchronousPositionMode, 0, 0, -0.08738, -0.00417292, 0, 0, 0
1670487492.182864939, 1, CyclicSynchronousPositionMode, 0, 0, -0.08738, -0.00417292, 0, 0, 0
1670487492.187865977, 1, CyclicSynchronousPositionMode, 0, 0, -0.11308, -0.00540025, 0, 0, 0
1670487492.192855628, 1, CyclicSynchronousPositionMode, 0, 0, -0.05654, -0.00270012, 0, 0, 0
1670487492.197914310, 1, CyclicSynchronousPositionMode, 0, 0, -0.03084, -0.0014728, 0, 0, 0
1670487492.202865680, 1, CyclicSynchronousPositionMode, 0, 0, -0.04112, -0.00196373, 0, 0, 0
1670487492.207854292, 1, CyclicSynchronousPositionMode, 0, 0, -0.04112, -0.00196373, 0, 0, 0
1670487492.212842498, 1, CyclicSynchronousPositionMode, 0, 0, -0.03084, -0.0014728, 0, 0, 0
1670487492.217916541, 1, CyclicSynchronousPositionMode, 0, 0, -0.05654, -0.00270012, 0, 0, 0
1670487492.222865069, 1, CyclicSynchronousPositionMode, 0, 0, -0.02056, -0.000981863, 0, 0, 0
1670487492.227881486, 1, CyclicSynchronousPositionMode, 0, 0, -0.08738, -0.00417292, 0, 0, 0
1670487492.232845753, 1, CyclicSynchronousPositionMode, 0, 0, 0.00514, 0.000245466, 0, 0, 0
1670487492.237887045, 1, CyclicSynchronousPositionMode, 0, 0, -0.09766, -0.00466385, 0, 0, 0
1670487492.242863455, 1, CyclicSynchronousPositionMode, 0, 0, -0.08738, -0.00417292, 0, 0, 0
1670487492.247896769, 1, CyclicSynchronousPositionMode, 0, 0, -0.0771, -0.00368199, 0, 0, 0
1670487492.252839376, 1, CyclicSynchronousPositionMode, 0, 0, -0.06682, -0.00319106, 0, 0, 0
1670487492.257880360, 1, CyclicSynchronousPositionMode, 0, 0, -0.05654, -0.00270012, 0, 0, 0
1670487492.262908415, 1, CyclicSynchronousPositionMode, 0, 0, -0.0771, -0.00368199, 0, 0, 0
1670487492.267894205, 1, CyclicSynchronousPositionMode, 0, 0, -0.16962, -0.00810037, 0, 0, 0
1670487492.272854186, 1, CyclicSynchronousPositionMode, 0, 0, -0.06682, -0.00319106, 0, 0, 0
1670487492.277852589, 1, CyclicSynchronousPositionMode, 0, 0, -0.09766, -0.00466385, 0, 0, 0
1670487492.282878064, 1, CyclicSynchronousPositionMode, 0, 0, -0.16962, -0.00810037, 0, 0, 0
1670487492.287854331, 1, CyclicSynchronousPositionMode, 0, 0, -0.04112, -0.00196373, 0, 0, 0
1670487492.292904843, 1, CyclicSynchronousPositionMode, 0, 0, -0.14392, -0.00687304, 0, 0, 0
1670487492.297917937, 1, CyclicSynchronousPositionMode, 0, 0, -0.05654, -0.00270012, 0, 0, 0
1670487492.302870426, 1, CyclicSynchronousPositionMode, 0, 0, -0.12336, -0.00589118, 0, 0, 0
1670487492.307854363, 1, CyclicSynchronousPositionMode, 0, 0, -0.08738, -0.00417292, 0, 0, 0
1670487492.312846829, 1, CyclicSynchronousPositionMode, 0, 0, -0.03084, -0.0014728, 0, 0, 0
1670487492.317907595, 1, CyclicSynchronousPositionMode, 0, 0, 0.01542, 0.000736398, 0, 0, 0
1670487492.322902955, 1, CyclicSynchronousPositionMode, 0, 0, -0.08738, -0.00417292, 0, 0, 0
1670487492.327860409, 1, CyclicSynchronousPositionMode, 0, 0, -0.03084, -0.0014728, 0, 0, 0
1670487492.332841543, 1, CyclicSynchronousPositionMode, 0, 0, -0.11308, -0.00540025, 0, 0, 0
1670487492.337890448, 1, CyclicSynchronousPositionMode, 0, 0, -0.04112, -0.00196373, 0, 0, 0
1670487492.342854131, 1, CyclicSynchronousPositionMode, 0, 0, -0.04112, -0.00196373, 0, 0, 0
1670487492.347849733, 1, CyclicSynchronousPositionMode, 0, 0, -0.05654, -0.00270012, 0, 0, 0
1670487492.352879367, 1, CyclicSynchronousPositionMode, 0, 0, -0.03084, -0.0014728, 0, 0, 0
1670487492.357864931, 1, CyclicSynchronousPositionMode, 0, 0, -0.02056, -0.000981863, 0, 0, 0
1670487492.362864830, 1, CyclicSynchronousPositionMode, 0, 0, -0.0771, -0.00368199, 0, 0, 0
1670487492.367901707, 1, CyclicSynchronousPositionMode, 0, 0, -0.12336, -0.00589118, 0, 0, 0
1670487492.372850190, 1, CyclicSynchronousPositionMode, 0, 0, -0.06682, -0.00319106, 0, 0, 0
1670487492.377854099, 1, CyclicSynchronousPositionMode, 0, 0, -0.06682, -0.00319106, 0, 0, 0
1670487492.382871349, 1, CyclicSynchronousPositionMode, 0, 0, -0.09766, -0.00466385, 0, 0, 0
1670487492.387880184, 1, CyclicSynchronousPositionMode, 0, 0, -0.03084, -0.0014728, 0, 0, 0
1670487492.392845295, 1, CyclicSynchronousPositionMode, 0, 0, -0.09766, -0.00466385, 0, 0, 0
1670487492.397893862, 1, CyclicSynchronousPositionMode, 0, 0, 0.00514, 0.000245466, 0, 0, 0
1670487492.403120636, 1, CyclicSynchronousPositionMode, 0, 0, -0.13364, -0.00638211, 0, 0, 0
1670487492.407851664, 1, CyclicSynchronousPositionMode, 0, 0, -0.1542, -0.00736398, 0, 0, 0
1670487492.412842809, 1, CyclicSynchronousPositionMode, 0, 0, -0.08738, -0.00417292, 0, 0, 0
1670487492.417955903, 1, CyclicSynchronousPositionMode, 0, 0, -0.09766, -0.00466385, 0, 0, 0
1670487492.422856074, 1, CyclicSynchronousPositionMode, 0, 0, -0.06682, -0.00319106, 0, 0, 0
1670487492.427851937, 1, CyclicSynchronousPositionMode, 0, 0, 0.00514, 0.000245466, 0, 0, 0
1670487492.432859979, 1, CyclicSynchronousPositionMode, 0, 0, -0.05654, -0.00270012, 0, 0, 0
1670487492.437852298, 1, CyclicSynchronousPositionMode, 0, 0, -0.12336, -0.00589118, 0, 0, 0
1670487492.442855834, 1, CyclicSynchronousPositionMode, 0, 0, -0.11308, -0.00540025, 0, 0, 0
1670487492.447921882, 1, CyclicSynchronousPositionMode, 0, 0, -0.06682, -0.00319106, 0, 0, 0
1670487492.453193732, 1, CyclicSynchronousPositionMode, 0, 0, -0.11308, -0.00540025, 0, 0, 0
1670487492.457857084, 1, CyclicSynchronousPositionMode, 0, 0, -0.06682, -0.00319106, 0, 0, 0
1670487492.462867584, 1, CyclicSynchronousPositionMode, 0, 0, -0.06682, -0.00319106, 0, 0, 0
1670487492.467909389, 1, CyclicSynchronousPositionMode, 0, 0, -0.04112, -0.00196373, 0, 0, 0
1670487492.472842626, 1, CyclicSynchronousPositionMode, 0, 0, -0.06682, -0.00319106, 0, 0, 0
1670487492.477884817, 1, CyclicSynchronousPositionMode, 0, 0, -0.1542, -0.00736398, 0, 0, 0
1670487492.482875405, 1, CyclicSynchronousPositionMode, 0, 0, -0.1542, -0.00736398, 0, 0, 0
1670487492.487885891, 1, CyclicSynchronousPositionMode, 0, 0, -0.14392, -0.00687304, 0, 0, 0
1670487492.492856398, 1, CyclicSynchronousPositionMode, 0, 0, -0.03084, -0.0014728, 0, 0, 0
1670487492.497906645, 1, CyclicSynchronousPositionMode, 0, 0, 0.01542, 0.000736398, 0, 0, 0
1670487492.502848812, 1, CyclicSynchronousPositionMode, 0, 0, -0.04112, -0.00196373, 0, 0, 0
1670487492.507874989, 1, CyclicSynchronousPositionMode, 0, 0, -0.1542, -0.00736398, 0, 0, 0
1670487492.512890899, 1, CyclicSynchronousPositionMode, 0, 0, -0.1542, -0.00736398, 0, 0, 0
1670487492.517900138, 1, CyclicSynchronousPositionMode, 0, 0, -0.09766, -0.00466385, 0, 0, 0
1670487492.522869895, 1, CyclicSynchronousPositionMode, 0, 0, -0.13364, -0.00638211, 0, 0, 0
1670487492.527850963, 1, CyclicSynchronousPositionMode, 0, 0, -0.06682, -0.00319106, 0, 0, 0
1670487492.532858737, 1, CyclicSynchronousPositionMode, 0, 0, -0.11308, -0.00540025, 0, 0, 0
1670487492.537857386, 1, CyclicSynchronousPositionMode, 0, 0, -0.02056, -0.000981863, 0, 0, 0
1670487492.542910350, 1, CyclicSynchronousPositionMode, 0, 0, 0.00514, 0.000245466, 0, 0, 0
1670487492.547910732, 1, CyclicSynchronousPositionMode, 0, 0, -0.08738, -0.00417292, 0, 0, 0
1670487492.552858128, 1, CyclicSynchronousPositionMode, 0, 0, -0.04112, -0.00196373, 0, 0, 0
1670487492.557856318, 1, CyclicSynchronousPositionMode, 0, 0, -0.06682, -0.00319106, 0, 0, 0
1670487492.562848686, 1, CyclicSynchronousPositionMode, 0, 0, -0.06682, -0.00319106, 0, 0, 0
1670487492.567919432, 1, CyclicSynchronousPositionMode, 0, 0, -0.12336, -0.00589118, 0, 0, 0
1670487492.572879654, 1, CyclicSynchronousPositionMode, 0, 0, 0.00514, 0.000245466, 0, 0, 0
1670487492.577855802, 1, CyclicSynchronousPositionMode, 0, 0, -0.06682, -0.00319106, 0, 0, 0
1670487492.582874787, 1, CyclicSynchronousPositionMode, 0, 0, -0.06682, -0.00319106, 0, 0, 0
1670487492.587888170, 1, CyclicSynchronousPositionMode, 0, 0, -0.04112, -0.00196373, 0, 0, 0
1670487492.592844283, 1, CyclicSynchronousPositionMode, 0, 0, -0.0771, -0.00368199, 0, 0, 0
1670487492.597883972, 1, CyclicSynchronousPositionMode, 0, 0, -0.03084, -0.0014728, 0, 0, 0
1670487492.602885490, 1, CyclicSynchronousPositionMode, 0, 0, -0.05654, -0.00270012, 0, 0, 0
1670487492.607861878, 1, CyclicSynchronousPositionMode, 0, 0, -0.09766, -0.00466385, 0, 0, 0
1670487492.612840289, 1, CyclicSynchronousPositionMode, 0, 0, -0.03084, -0.0014728, 0, 0, 0
1670487492.617902023, 1, CyclicSynchronousPositionMode, 0, 0, -0.06682, -0.00319106, 0, 0, 0
1670487492.622862025, 1, CyclicSynchronousPositionMode, 0, 0, -0.14392, -0.00687304, 0, 0, 0
1670487492.627851020, 1, CyclicSynchronousPositionMode, 0, 0, 0.0257, 0.00122733, 0, 0, 0
1670487492.632864199, 1, CyclicSynchronousPositionMode, 0, 0, -0.0771, -0.00368199, 0, 0, 0
1670487492.637891295, 1, CyclicSynchronousPositionMode, 0, 0, -0.01028, -0.000490932, 0, 0, 0
1670487492.642866671, 1, CyclicSynchronousPositionMode, 0, 0, -0.04112, -0.00196373, 0, 0, 0
1670487492.647908092, 1, CyclicSynchronousPositionMode, 0, 0, -0.05654, -0.00270012, 0, 0, 0
1670487492.653136518, 1, CyclicSynchronousPositionMode, 0, 0, -0.0771, -0.00368199, 0, 0, 0
1670487492.657869478, 1, CyclicSynchronousPositionMode, 0, 0, -0.05654, -0.00270012, 0, 0, 0
1670487492.662849185, 1, CyclicSynchronousPositionMode, 0, 0, -0.02056, -0.000981863, 0, 0, 0
1670487492.667957366, 1, CyclicSynchronousPositionMode, 0, 0, -0.1799, -0.0085913, 0, 0, 0
1670487492.672851461, 1, CyclicSynchronousPositionMode, 0, 0, -0.05654, -0.00270012, 0, 0, 0
1670487492.677853117, 1, CyclicSynchronousPositionMode, 0, 0, -0.02056, -0.000981863, 0, 0, 0
1670487492.682852851, 1, CyclicSynchronousPositionMode, 0, 0, -0.08738, -0.00417292, 0, 0, 0
1670487492.687857193, 1, CyclicSynchronousPositionMode, 0, 0, -0.19018, -0.00908224, 0, 0, 0
1670487492.692841206, 1, CyclicSynchronousPositionMode, 0, 0, -0.01028, -0.000490932, 0, 0, 0
1670487492.697931460, 1, CyclicSynchronousPositionMode, 0, 0, -0.0771, -0.00368199, 0, 0, 0
1670487492.703099309, 1, CyclicSynchronousPositionMode, 0, 0, 0.0257, 0.00122733, 0, 0, 0
1670487492.707849413, 1, CyclicSynchronousPositionMode, 0, 0, -0.03084, -0.0014728, 0, 0, 0
1670487492.712850646, 1, CyclicSynchronousPositionMode, 0, 0, -0.03084, -0.0014728, 0, 0, 0
1670487492.717923842, 1, CyclicSynchronousPositionMode, 0, 0, -0.04112, -0.00196373, 0, 0, 0
1670487492.722847905, 1, CyclicSynchronousPositionMode, 0, 0, -0.08738, -0.00417292, 0, 0, 0
1670487492.727880290, 1, CyclicSynchronousPositionMode, 0, 0, -0.04112, -0.00196373, 0, 0, 0
1670487492.732859340, 1, CyclicSynchronousPositionMode, 0, 0, -0.03084, -0.0014728, 0, 0, 0
1670487492.737887975, 1, CyclicSynchronousPositionMode, 0, 0, -0.08738, -0.00417292, 0, 0, 0
1670487492.742845358, 1, CyclicSynchronousPositionMode, 0, 0, -0.0771, -0.00368199, 0, 0, 0
1670487492.747886501, 1, CyclicSynchronousPositionMode, 0, 0, -0.04112, -0.00196373, 0, 0, 0
1670487492.752843458, 1, CyclicSynchronousPositionMode, 0, 0, -0.08738, -0.00417292, 0, 0, 0
1670487492.757863362, 1, CyclicSynchronousPositionMode, 0, 0, -0.03084, -0.0014728, 0, 0, 0
1670487492.762915797, 1, CyclicSynchronousPositionMode, 0, 0, -0.0771, -0.00368199, 0, 0, 0
1670487492.767903639, 1, CyclicSynchronousPositionMode, 0, 0, -0.16962, -0.00810037, 0, 0, 0
1670487492.772841689, 1, CyclicSynchronousPositionMode, 0, 0, -0.02056, -0.000981863, 0, 0, 0
1670487492.777857137, 1, CyclicSynchronousPositionMode, 0, 0, 0.0257, 0.00122733, 0, 0, 0
1670487492.782850672, 1, CyclicSynchronousPositionMode, 0, 0, -0.11308, -0.00540025, 0, 0, 0
1670487492.787871111, 1, CyclicSynchronousPositionMode, 0, 0, -0.01028, -0.000490932, 0, 0, 0
1670487492.792907916, 1, CyclicSynchronousPositionMode, 0, 0, -0.14392, -0.00687304, 0, 0, 0
1670487492.797896149, 1, CyclicSynchronousPositionMode, 0, 0, -0.0771, -0.00368199, 0, 0, 0
1670487492.803031153, 1, CyclicSynchronousPositionMode, 0, 0, -0.04112, -0.00196373, 0, 0, 0
1670487492.807860680, 1, CyclicSynchronousPositionMode, 0, 0, -0.09766, -0.00466385, 0, 0, 0
1670487492.812841072, 1, CyclicSynchronousPositionMode, 0, 0, -0.06682, -0.00319106, 0, 0, 0
1670487492.817922817, 1, CyclicSynchronousPositionMode, 0, 0, -0.0771, -0.00368199, 0, 0, 0
1670487492.822893042, 1, CyclicSynchronousPositionMode, 0, 0, -0.04112, -0.00196373, 0, 0, 0
1670487492.827847080, 1, CyclicSynchronousPositionMode, 0, 0, -0.05654, -0.00270012, 0, 0, 0
1670487492.832858010, 1, CyclicSynchronousPositionMode, 0, 0, -0.01028, -0.000490932, 0, 0, 0
1670487492.837882234, 1, CyclicSynchronousPositionMode, 0, 0, -0.02056, -0.000981863, 0, 0, 0
1670487492.842850185, 1, CyclicSynchronousPositionMode, 0, 0, -0.04112, -0.00196373, 0, 0, 0
1670487492.847894518, 1, CyclicSynchronousPositionMode, 0, 0, -0.04112, -0.00196373, 0, 0, 0
1670487492.852872885, 1, CyclicSynchronousPositionMode, 0, 0, -0.05654, -0.00270012, 0, 0, 0
1670487492.857860398, 1, CyclicSynchronousPositionMode, 0, 0, -0.05654, -0.00270012, 0, 0, 0
1670487492.862863305, 1, CyclicSynchronousPositionMode, 0, 0, -0.08738, -0.00417292, 0, 0, 0
1670487492.867905679, 1, CyclicSynchronousPositionMode, 0, 0, -0.06682, -0.00319106, 0, 0, 0
1670487492.872859766, 1, CyclicSynchronousPositionMode, 0, 0, -0.05654, -0.00270012, 0, 0, 0
1670487492.877852584, 1, CyclicSynchronousPositionMode, 0, 0, -0.05654, -0.00270012, 0, 0, 0
1670487492.882866892, 1, CyclicSynchronousPositionMode, 0, 0, -0.01028, -0.000490932, 0, 0, 0
1670487492.887890230, 1, CyclicSynchronousPositionMode, 0, 0, -0.0771, -0.00368199, 0, 0, 0
1670487492.892845331, 1, CyclicSynchronousPositionMode, 0, 0, -0.12336, -0.00589118, 0, 0, 0
1670487492.897896891, 1, CyclicSynchronousPositionMode, 0, 0, -0.0771, -0.00368199, 0, 0, 0
1670487492.902908047, 1, CyclicSynchronousPositionMode, 0, 0, -0.01028, -0.000490932, 0, 0, 0
1670487492.907853657, 1, CyclicSynchronousPositionMode, 0, 0, -0.01028, -0.000490932, 0, 0, 0
1670487492.912856496, 1, CyclicSynchronousPositionMode, 0, 0, -0.12336, -0.00589118, 0, 0, 0
1670487492.917954510, 1, CyclicSynchronousPositionMode, 0, 0, -0.13364, -0.00638211, 0, 0, 0
1670487492.922863882, 1, CyclicSynchronousPositionMode, 0, 0, 0.00514, 0.000245466, 0, 0, 0
1670487492.927850009, 1, CyclicSynchronousPositionMode, 0, 0, -0.01028, -0.000490932, 0, 0, 0
1670487492.932848731, 1, CyclicSynchronousPositionMode, 0, 0, -0.13364, -0.00638211, 0, 0, 0
1670487492.937850697, 1, CyclicSynchronousPositionMode, 0, 0, -0.1542, -0.00736398, 0, 0, 0
1670487492.942860397, 1, CyclicSynchronousPositionMode, 0, 0, -0.11308, -0.00540025, 0, 0, 0
1670487492.947904148, 1, CyclicSynchronousPositionMode, 0, 0, 0.0257, 0.00122733, 0, 0, 0
1670487492.953144287, 1, CyclicSynchronousPositionMode, 0, 0, -0.06682, -0.00319106, 0, 0, 0
1670487492.957861904, 1, CyclicSynchronousPositionMode, 0, 0, -0.02056, -0.000981863, 0, 0, 0
1670487492.962856599, 1, CyclicSynchronousPositionMode, 0, 0, -0.05654, -0.00270012, 0, 0, 0
1670487492.967921435, 1, CyclicSynchronousPositionMode, 0, 0, 0.00514, 0.000245466, 0, 0, 0
1670487492.972852424, 1, CyclicSynchronousPositionMode, 0, 0, -0.0771, -0.00368199, 0, 0, 0
1670487492.977875105, 1, CyclicSynchronousPositionMode, 0, 0, -0.02056, -0.000981863, 0, 0, 0
1670487492.982923474, 1, CyclicSynchronousPositionMode, 0, 0, -0.04112, -0.00196373, 0, 0, 0
1670487492.987889743, 1, CyclicSynchronousPositionMode, 0, 0, -0.01028, -0.000490932, 0, 0, 0
1670487492.992852121, 1, CyclicSynchronousPositionMode, 0, 0, -0.05654, -0.00270012, 0, 0, 0
1670487492.997887779, 1, CyclicSynchronousPositionMode, 0, 0, 0.00514, 0.000245466, 0, 0, 0
1670487493.002870930, 1, CyclicSynchronousPositionMode, 0, 0, -0.09766, -0.00466385, 0, 0, 0
1670487493.007854182, 1, CyclicSynchronousPositionMode, 0, 0, -0.01028, -0.000490932, 0, 0, 0
1670487493.012896444, 1, CyclicSynchronousPositionMode, 0, 0, -0.03084, -0.0014728, 0, 0, 0
1670487493.017911685, 1, CyclicSynchronousPositionMode, 0, 0, -0.14392, -0.00687304, 0, 0, 0
1670487493.022871323, 1, CyclicSynchronousPositionMode, 0, 0, -0.08738, -0.00417292, 0, 0, 0
1670487493.027849960, 1, CyclicSynchronousPositionMode, 0, 0, -0.01028, -0.000490932, 0, 0, 0
1670487493.032848869, 1, CyclicSynchronousPositionMode, 0, 0, -0.01028, -0.000490932, 0, 0, 0
1670487493.037852122, 1, CyclicSynchronousPositionMode, 0, 0, -0.02056, -0.000981863, 0, 0, 0
1670487493.042899463, 1, CyclicSynchronousPositionMode, 0, 0, 0.03598, 0.00171826, 0, 0, 0
1670487493.047907991, 1, CyclicSynchronousPositionMode, 0, 0, -0.05654, -0.00270012, 0, 0, 0
1670487493.053236749, 1, CyclicSynchronousPositionMode, 0, 0, -0.03084, -0.0014728, 0, 0, 0
1670487493.057861821, 1, CyclicSynchronousPositionMode, 0, 0, -0.11308, -0.00540025, 0, 0, 0
1670487493.062859812, 1, CyclicSynchronousPositionMode, 0, 0, -0.08738, -0.00417292, 0, 0, 0
1670487493.067917460, 1, CyclicSynchronousPositionMode, 0, 0, -0.01028, -0.000490932, 0, 0, 0
1670487493.072875619, 1, CyclicSynchronousPositionMode, 0, 0, -0.11308, -0.00540025, 0, 0, 0
1670487493.077878362, 1, CyclicSynchronousPositionMode, 0, 0, -0.05654, -0.00270012, 0, 0, 0
1670487493.082855620, 1, CyclicSynchronousPositionMode, 0, 0, -0.06682, -0.00319106, 0, 0, 0
1670487493.087889541, 1, CyclicSynchronousPositionMode, 0, 0, -0.06682, -0.00319106, 0, 0, 0
1670487493.092848701, 1, CyclicSynchronousPositionMode, 0, 0, -0.05654, -0.00270012, 0, 0, 0
1670487493.097866668, 1, CyclicSynchronousPositionMode, 0, 0, -0.0771, -0.00368199, 0, 0, 0
1670487493.102867599, 1, CyclicSynchronousPositionMode, 0, 0, -0.01028, -0.000490932, 0, 0, 0
1670487493.107897554, 1, CyclicSynchronousPositionMode, 0, 0, -0.02056, -0.000981863, 0, 0, 0
1670487493.112841256, 1, CyclicSynchronousPositionMode, 0, 0, 0.06168, 0.00294559, 0, 0, 0
1670487493.117906428, 1, CyclicSynchronousPositionMode, 0, 0, -0.03084, -0.0014728, 0, 0, 0
1670487493.122877251, 1, CyclicSynchronousPositionMode, 0, 0, -0.04112, -0.00196373, 0, 0, 0
1670487493.127851867, 1, CyclicSynchronousPositionMode, 0, 0, -0.13364, -0.00638211, 0, 0, 0
1670487493.132845887, 1, CyclicSynchronousPositionMode, 0, 0, -0.04112, -0.00196373, 0, 0, 0
1670487493.137917167, 1, CyclicSynchronousPositionMode, 0, 0, -0.02056, -0.000981863, 0, 0, 0
1670487493.142859226, 1, CyclicSynchronousPositionMode, 0, 0, -0.09766, -0.00466385, 0, 0, 0
1670487493.147895324, 1, CyclicSynchronousPositionMode, 0, 0, -0.04112, -0.00196373, 0, 0, 0
1670487493.152953716, 1, CyclicSynchronousPositionMode, 0, 0, -0.14392, -0.00687304, 0, 0, 0
1670487493.157855999, 1, CyclicSynchronousPositionMode, 0, 0, 0.0514, 0.00245466, 0, 0, 0
1670487493.162853190, 1, CyclicSynchronousPositionMode, 0, 0, 0.01542, 0.000736398, 0, 0, 0
1670487493.167943123, 1, CyclicSynchronousPositionMode, 0, 0, -0.0771, -0.00368199, 0, 0, 0
1670487493.172844582, 1, CyclicSynchronousPositionMode, 0, 0, -0.05654, -0.00270012, 0, 0, 0
1670487493.177853883, 1, CyclicSynchronousPositionMode, 0, 0, -0.03084, -0.0014728, 0, 0, 0
1670487493.182861112, 1, CyclicSynchronousPositionMode, 0, 0, -0.01028, -0.000490932, 0, 0, 0
1670487493.187885479, 1, CyclicSynchronousPositionMode, 0, 0, -0.02056, -0.000981863, 0, 0, 0
1670487493.192851635, 1, CyclicSynchronousPositionMode, 0, 0, -0.05654, -0.00270012, 0, 0, 0
1670487493.197897746, 1, CyclicSynchronousPositionMode, 0, 0, -0.02056, -0.000981863, 0, 0, 0
1670487493.203131260, 1, CyclicSynchronousPositionMode, 0, 0, -0.12336, -0.00589118, 0, 0, 0
1670487493.207856118, 1, CyclicSynchronousPositionMode, 0, 0, -0.11308, -0.00540025, 0, 0, 0
1670487493.212844374, 1, CyclicSynchronousPositionMode, 0, 0, -0.12336, -0.00589118, 0, 0, 0
1670487493.217913556, 1, CyclicSynchronousPositionMode, 0, 0, 0.00514, 0.000245466, 0, 0, 0
1670487493.222872785, 1, CyclicSynchronousPositionMode, 0, 0, -0.06682, -0.00319106, 0, 0, 0
1670487493.227855076, 1, CyclicSynchronousPositionMode, 0, 0, -0.04112, -0.00196373, 0, 0, 0
1670487493.232912354, 1, CyclicSynchronousPositionMode, 0, 0, -0.04112, -0.00196373, 0, 0, 0
1670487493.237887746, 1, CyclicSynchronousPositionMode, 0, 0, -0.08738, -0.00417292, 0, 0, 0
1670487493.242857705, 1, CyclicSynchronousPositionMode, 0, 0, -0.06682, -0.00319106, 0, 0, 0
1670487493.247885426, 1, CyclicSynchronousPositionMode, 0, 0, -0.05654, -0.00270012, 0, 0, 0
1670487493.252852411, 1, CyclicSynchronousPositionMode, 0, 0, -0.08738, -0.00417292, 0, 0, 0
1670487493.257859728, 1, CyclicSynchronousPositionMode, 0, 0, -0.02056, -0.000981863, 0, 0, 0
1670487493.262906524, 1, CyclicSynchronousPositionMode, 0, 0, -0.0771, -0.00368199, 0, 0, 0
1670487493.267904088, 1, CyclicSynchronousPositionMode, 0, 0, -0.04112, -0.00196373, 0, 0, 0
1670487493.272859127, 1, CyclicSynchronousPositionMode, 0, 0, -0.03084, -0.0014728, 0, 0, 0
1670487493.277857264, 1, CyclicSynchronousPositionMode, 0, 0, -0.04112, -0.00196373, 0, 0, 0
1670487493.282862304, 1, CyclicSynchronousPositionMode, 0, 0, -0.12336, -0.00589118, 0, 0, 0
1670487493.287852552, 1, CyclicSynchronousPositionMode, 0, 0, -0.0771, -0.00368199, 0, 0, 0
1670487493.292863137, 1, CyclicSynchronousPositionMode, 0, 0, 0.00514, 0.000245466, 0, 0, 0
1670487493.297901645, 1, CyclicSynchronousPositionMode, 0, 0, -0.01028, -0.000490932, 0, 0, 0
1670487493.303194871, 1, CyclicSynchronousPositionMode, 0, 0, -0.11308, -0.00540025, 0, 0, 0
1670487493.307845424, 1, CyclicSynchronousPositionMode, 0, 0, -0.08738, -0.00417292, 0, 0, 0
1670487493.312854705, 1, CyclicSynchronousPositionMode, 0, 0, 0.08224, 0.00392745, 0, 0, 0
1670487493.317915083, 1, CyclicSynchronousPositionMode, 0, 0, -0.09766, -0.00466385, 0, 0, 0
1670487493.322870519, 1, CyclicSynchronousPositionMode, 0, 0, -0.13364, -0.00638211, 0, 0, 0
1670487493.327878043, 1, CyclicSynchronousPositionMode, 0, 0, -0.06682, -0.00319106, 0, 0, 0
1670487493.332842089, 1, CyclicSynchronousPositionMode, 0, 0, -0.14392, -0.00687304, 0, 0, 0
1670487493.337885076, 1, CyclicSynchronousPositionMode, 0, 0, -0.09766, -0.00466385, 0, 0, 0
1670487493.342868118, 1, CyclicSynchronousPositionMode, 0, 0, -0.04112, -0.00196373, 0, 0, 0
1670487493.347861813, 1, CyclicSynchronousPositionMode, 0, 0, -0.02056, -0.000981863, 0, 0, 0
1670487493.352843066, 1, CyclicSynchronousPositionMode, 0, 0, 0.00514, 0.000245466, 0, 0, 0
1670487493.357903875, 1, CyclicSynchronousPositionMode, 0, 0, -0.03084, -0.0014728, 0, 0, 0
1670487493.362853240, 1, CyclicSynchronousPositionMode, 0, 0, -0.06682, -0.00319106, 0, 0, 0
1670487493.367908425, 1, CyclicSynchronousPositionMode, 0, 0, -0.05654, -0.00270012, 0, 0, 0
1670487493.372841770, 1, CyclicSynchronousPositionMode, 0, 0, -0.11308, -0.00540025, 0, 0, 0
1670487493.377860305, 1, CyclicSynchronousPositionMode, 0, 0, -0.02056, -0.000981863, 0, 0, 0
1670487493.382852101, 1, CyclicSynchronousPositionMode, 0, 0, -0.05654, -0.00270012, 0, 0, 0
1670487493.387895311, 1, CyclicSynchronousPositionMode, 0, 0, -0.06682, -0.00319106, 0, 0, 0
1670487493.392855518, 1, CyclicSynchronousPositionMode, 0, 0, -0.06682, -0.00319106, 0, 0, 0
1670487493.397863318, 1, CyclicSynchronousPositionMode, 0, 0, -0.16962, -0.00810037, 0, 0, 0
1670487493.403085883, 1, CyclicSynchronousPositionMode, 0, 0, -0.04112, -0.00196373, 0, 0, 0
1670487493.407854485, 1, CyclicSynchronousPositionMode, 0, 0, -0.03084, -0.0014728, 0, 0, 0
1670487493.412840470, 1, CyclicSynchronousPositionMode, 0, 0, -0.08738, -0.00417292, 0, 0, 0
1670487493.418011292, 1, CyclicSynchronousPositionMode, 0, 0, -0.08738, -0.00417292, 0, 0, 0
1670487493.422863547, 1, CyclicSynchronousPositionMode, 0, 0, -0.04112, -0.00196373, 0, 0, 0
1670487493.427853592, 1, CyclicSynchronousPositionMode, 0, 0, 0.0257, 0.00122733, 0, 0, 0
1670487493.432857115, 1, CyclicSynchronousPositionMode, 0, 0, -0.13364, -0.00638211, 0, 0, 0
1670487493.437884608, 1, CyclicSynchronousPositionMode, 0, 0, -0.04112, -0.00196373, 0, 0, 0
1670487493.442848891, 1, CyclicSynchronousPositionMode, 0, 0, -0.21074, -0.0100641, 0, 0, 0
1670487493.447901723, 1, CyclicSynchronousPositionMode, 0, 0, -0.09766, -0.00466385, 0, 0, 0
1670487493.453250837, 1, CyclicSynchronousPositionMode, 0, 0, -0.04112, -0.00196373, 0, 0, 0
1670487493.457851982, 1, CyclicSynchronousPositionMode, 0, 0, -0.0771, -0.00368199, 0, 0, 0
1670487493.462856547, 1, CyclicSynchronousPositionMode, 0, 0, -0.03084, -0.0014728, 0, 0, 0
1670487493.467918601, 1, CyclicSynchronousPositionMode, 0, 0, -0.04112, -0.00196373, 0, 0, 0
1670487493.472856368, 1, CyclicSynchronousPositionMode, 0, 0, -0.14392, -0.00687304, 0, 0, 0
1670487493.477868480, 1, CyclicSynchronousPositionMode, 0, 0, -0.06682, -0.00319106, 0, 0, 0
1670487493.482927693, 1, CyclicSynchronousPositionMode, 0, 0, -0.16962, -0.00810037, 0, 0, 0
1670487493.487885295, 1, CyclicSynchronousPositionMode, 0, 0, -0.13364, -0.00638211, 0, 0, 0
1670487493.492859892, 1, CyclicSynchronousPositionMode, 0, 0, -0.05654, -0.00270012, 0, 0, 0
1670487493.497895092, 1, CyclicSynchronousPositionMode, 0, 0, -0.04112, -0.00196373, 0, 0, 0
1670487493.502869545, 1, CyclicSynchronousPositionMode, 0, 0, -0.04112, -0.00196373, 0, 0, 0
1670487493.507852372, 1, CyclicSynchronousPositionMode, 0, 0, -0.0771, -0.00368199, 0, 0, 0
1670487493.512882220, 1, CyclicSynchronousPositionMode, 0, 0, -0.09766, -0.00466385, 0, 0, 0
1670487493.517908187, 1, CyclicSynchronousPositionMode, 0, 0, 0.01542, 0.000736398, 0, 0, 0
1670487493.522852865, 1, CyclicSynchronousPositionMode, 0, 0, -0.06682, -0.00319106, 0, 0, 0
1670487493.527851825, 1, CyclicSynchronousPositionMode, 0, 0, -0.04112, -0.00196373, 0, 0, 0
1670487493.532867047, 1, CyclicSynchronousPositionMode, 0, 0, -0.0771, -0.00368199, 0, 0, 0
1670487493.537852562, 1, CyclicSynchronousPositionMode, 0, 0, -0.06682, -0.00319106, 0, 0, 0
1670487493.542899171, 1, CyclicSynchronousPositionMode, 0, 0, -0.06682, -0.00319106, 0, 0, 0
1670487493.547888997, 1, CyclicSynchronousPositionMode, 0, 0, -0.03084, -0.0014728, 0, 0, 0
1670487493.553045761, 1, CyclicSynchronousPositionMode, 0, 0, -0.08738, -0.00417292, 0, 0, 0
1670487493.557849421, 1, CyclicSynchronousPositionMode, 0, 0, -0.11308, -0.00540025, 0, 0, 0
1670487493.562873285, 1, CyclicSynchronousPositionMode, 0, 0, -0.06682, -0.00319106, 0, 0, 0
1670487493.567914218, 1, CyclicSynchronousPositionMode, 0, 0, -0.04112, -0.00196373, 0, 0, 0
1670487493.572867820, 1, CyclicSynchronousPositionMode, 0, 0, 0.0257, 0.00122733, 0, 0, 0
1670487493.577877381, 1, CyclicSynchronousPositionMode, 0, 0, -0.04112, -0.00196373, 0, 0, 0
1670487493.582851006, 1, CyclicSynchronousPositionMode, 0, 0, -0.05654, -0.00270012, 0, 0, 0
1670487493.587889344, 1, CyclicSynchronousPositionMode, 0, 0, -0.11308, -0.00540025, 0, 0, 0
1670487493.592859295, 1, CyclicSynchronousPositionMode, 0, 0, -0.06682, -0.00319106, 0, 0, 0
1670487493.597875401, 1, CyclicSynchronousPositionMode, 0, 0, -0.04112, -0.00196373, 0, 0, 0
1670487493.602856896, 1, CyclicSynchronousPositionMode, 0, 0, -0.14392, -0.00687304, 0, 0, 0
1670487493.607903427, 1, CyclicSynchronousPositionMode, 0, 0, -0.03084, -0.0014728, 0, 0, 0
1670487493.612854094, 1, CyclicSynchronousPositionMode, 0, 0, -0.0771, -0.00368199, 0, 0, 0
1670487493.617899600, 1, CyclicSynchronousPositionMode, 0, 0, -0.05654, -0.00270012, 0, 0, 0
1670487493.622868119, 1, CyclicSynchronousPositionMode, 0, 0, -0.13364, -0.00638211, 0, 0, 0
1670487493.627853036, 1, CyclicSynchronousPositionMode, 0, 0, -0.09766, -0.00466385, 0, 0, 0
1670487493.632848052, 1, CyclicSynchronousPositionMode, 0, 0, -0.09766, -0.00466385, 0, 0, 0
1670487493.637871448, 1, CyclicSynchronousPositionMode, 0, 0, -0.04112, -0.00196373, 0, 0, 0
1670487493.642857897, 1, CyclicSynchronousPositionMode, 0, 0, -0.02056, -0.000981863, 0, 0, 0
1670487493.647888804, 1, CyclicSynchronousPositionMode, 0, 0, -0.02056, -0.000981863, 0, 0, 0
1670487493.652896645, 1, CyclicSynchronousPositionMode, 0, 0, -0.0771, -0.00368199, 0, 0, 0
1670487493.657857152, 1, CyclicSynchronousPositionMode, 0, 0, -0.02056, -0.000981863, 0, 0, 0
1670487493.662846576, 1, CyclicSynchronousPositionMode, 0, 0, -0.11308, -0.00540025, 0, 0, 0
1670487493.667935691, 1, CyclicSynchronousPositionMode, 0, 0, -0.02056, -0.000981863, 0, 0, 0
1670487493.672845560, 1, CyclicSynchronousPositionMode, 0, 0, -0.04112, -0.00196373, 0, 0, 0
1670487493.677851298, 1, CyclicSynchronousPositionMode, 0, 0, -0.0771, -0.00368199, 0, 0, 0
1670487493.682850044, 1, CyclicSynchronousPositionMode, 0, 0, -0.04112, -0.00196373, 0, 0, 0
1670487493.687887522, 1, CyclicSynchronousPositionMode, 0, 0, -0.05654, -0.00270012, 0, 0, 0
1670487493.692849551, 1, CyclicSynchronousPositionMode, 0, 0, -0.0771, -0.00368199, 0, 0, 0
1670487493.697877381, 1, CyclicSynchronousPositionMode, 0, 0, 0.00514, 0.000245466, 0, 0, 0
1670487493.703233168, 1, CyclicSynchronousPositionMode, 0, 0, -0.0771, -0.00368199, 0, 0, 0
1670487493.707858577, 1, CyclicSynchronousPositionMode, 0, 0, -0.14392, -0.00687304, 0, 0, 0
1670487493.712850346, 1, CyclicSynchronousPositionMode, 0, 0, -0.09766, -0.00466385, 0, 0, 0
1670487493.717913371, 1, CyclicSynchronousPositionMode, 0, 0, -0.03084, -0.0014728, 0, 0, 0
1670487493.722871537, 1, CyclicSynchronousPositionMode, 0, 0, -0.06682, -0.00319106, 0, 0, 0
1670487493.727853882, 1, CyclicSynchronousPositionMode, 0, 0, -0.05654, -0.00270012, 0, 0, 0
1670487493.732902961, 1, CyclicSynchronousPositionMode, 0, 0, -0.06682, -0.00319106, 0, 0, 0
1670487493.737888937, 1, CyclicSynchronousPositionMode, 0, 0, -0.11308, -0.00540025, 0, 0, 0
1670487493.742855825, 1, CyclicSynchronousPositionMode, 0, 0, -0.06682, -0.00319106, 0, 0, 0
1670487493.747866901, 1, CyclicSynchronousPositionMode, 0, 0, -0.13364, -0.00638211, 0, 0, 0
1670487493.752856722, 1, CyclicSynchronousPositionMode, 0, 0, 0.00514, 0.000245466, 0, 0, 0
1670487493.757848609, 1, CyclicSynchronousPositionMode, 0, 0, -0.0771, -0.00368199, 0, 0, 0
1670487493.762904828, 1, CyclicSynchronousPositionMode, 0, 0, 0.00514, 0.000245466, 0, 0, 0
1670487493.767918940, 1, CyclicSynchronousPositionMode, 0, 0, -0.01028, -0.000490932, 0, 0, 0
1670487493.772846609, 1, CyclicSynchronousPositionMode, 0, 0, -0.03084, -0.0014728, 0, 0, 0
1670487493.777861477, 1, CyclicSynchronousPositionMode, 0, 0, -0.06682, -0.00319106, 0, 0, 0
1670487493.782867984, 1, CyclicSynchronousPositionMode, 0, 0, -0.08738, -0.00417292, 0, 0, 0
1670487493.787853365, 1, CyclicSynchronousPositionMode, 0, 0, 0.01542, 0.000736398, 0, 0, 0
1670487493.792878849, 1, CyclicSynchronousPositionMode, 0, 0, -0.04112, -0.00196373, 0, 0, 0
1670487493.797877657, 1, CyclicSynchronousPositionMode, 0, 0, -0.12336, -0.00589118, 0, 0, 0
1670487493.803197439, 1, CyclicSynchronousPositionMode, 0, 0, -0.04112, -0.00196373, 0, 0, 0
1670487493.807852468, 1, CyclicSynchronousPositionMode, 0, 0, -0.03084, -0.0014728, 0, 0, 0
1670487493.812842366, 1, CyclicSynchronousPositionMode, 0, 0, -0.09766, -0.00466385, 0, 0, 0
1670487493.817918072, 1, CyclicSynchronousPositionMode, 0, 0, -0.11308, -0.00540025, 0, 0, 0
1670487493.822874758, 1, CyclicSynchronousPositionMode, 0, 0, -0.06682, -0.00319106, 0, 0, 0
1670487493.827885350, 1, CyclicSynchronousPositionMode, 0, 0, -0.06682, -0.00319106, 0, 0, 0
1670487493.832843665, 1, CyclicSynchronousPositionMode, 0, 0, -0.04112, -0.00196373, 0, 0, 0
1670487493.837871601, 1, CyclicSynchronousPositionMode, 0, 0, -0.01028, -0.000490932, 0, 0, 0
1670487493.842853124, 1, CyclicSynchronousPositionMode, 0, 0, -0.02056, -0.000981863, 0, 0, 0
1670487493.847869527, 1, CyclicSynchronousPositionMode, 0, 0, -0.05654, -0.00270012, 0, 0, 0
1670487493.852859080, 1, CyclicSynchronousPositionMode, 0, 0, -0.03084, -0.0014728, 0, 0, 0
1670487493.857891536, 1, CyclicSynchronousPositionMode, 0, 0, -0.02056, -0.000981863, 0, 0, 0
1670487493.862845337, 1, CyclicSynchronousPositionMode, 0, 0, -0.03084, -0.0014728, 0, 0, 0
1670487493.867915296, 1, CyclicSynchronousPositionMode, 0, 0, -0.13364, -0.00638211, 0, 0, 0
1670487493.872858493, 1, CyclicSynchronousPositionMode, 0, 0, -0.04112, -0.00196373, 0, 0, 0
1670487493.877854805, 1, CyclicSynchronousPositionMode, 0, 0, 0.00514, 0.000245466, 0, 0, 0
1670487493.882881131, 1, CyclicSynchronousPositionMode, 0, 0, -0.02056, -0.000981863, 0, 0, 0
1670487493.887882986, 1, CyclicSynchronousPositionMode, 0, 0, -0.03084, -0.0014728, 0, 0, 0
1670487493.892843587, 1, CyclicSynchronousPositionMode, 0, 0, -0.09766, -0.00466385, 0, 0, 0
1670487493.897894762, 1, CyclicSynchronousPositionMode, 0, 0, -0.02056, -0.000981863, 0, 0, 0
1670487493.903162234, 1, CyclicSynchronousPositionMode, 0, 0, -0.03084, -0.0014728, 0, 0, 0
1670487493.907859069, 1, CyclicSynchronousPositionMode, 0, 0, -0.12336, -0.00589118, 0, 0, 0
1670487493.912852264, 1, CyclicSynchronousPositionMode, 0, 0, -0.08738, -0.00417292, 0, 0, 0
1670487493.918001801, 1, CyclicSynchronousPositionMode, 0, 0, -0.08738, -0.00417292, 0, 0, 0
1670487493.922880344, 1, CyclicSynchronousPositionMode, 0, 0, 0.00514, 0.000245466, 0, 0, 0
1670487493.927857854, 1, CyclicSynchronousPositionMode, 0, 0, -0.06682, -0.00319106, 0, 0, 0
1670487493.932838870, 1, CyclicSynchronousPositionMode, 0, 0, -0.08738, -0.00417292, 0, 0, 0
1670487493.937878971, 1, CyclicSynchronousPositionMode, 0, 0, 0.0257, 0.00122733, 0, 0, 0
1670487493.942862075, 1, CyclicSynchronousPositionMode, 0, 0, -0.0771, -0.00368199, 0, 0, 0
1670487493.947898778, 1, CyclicSynchronousPositionMode, 0, 0, -0.08738, -0.00417292, 0, 0, 0
1670487493.953088812, 1, CyclicSynchronousPositionMode, 0, 0, -0.05654, -0.00270012, 0, 0, 0
1670487493.957852747, 1, CyclicSynchronousPositionMode, 0, 0, -0.1799, -0.0085913, 0, 0, 0
1670487493.962869102, 1, CyclicSynchronousPositionMode, 0, 0, -0.03084, -0.0014728, 0, 0, 0
1670487493.967916727, 1, CyclicSynchronousPositionMode, 0, 0, -0.01028, -0.000490932, 0, 0, 0
1670487493.972837868, 1, CyclicSynchronousPositionMode, 0, 0, -0.05654, -0.00270012, 0, 0, 0
1670487493.977857180, 1, CyclicSynchronousPositionMode, 0, 0, -0.12336, -0.00589118, 0, 0, 0
1670487493.982925846, 1, CyclicSynchronousPositionMode, 0, 0, -0.0771, -0.00368199, 0, 0, 0
1670487493.987888679, 1, CyclicSynchronousPositionMode, 0, 0, -0.0771, -0.00368199, 0, 0, 0
1670487493.992875540, 1, CyclicSynchronousPositionMode, 0, 0, -0.14392, -0.00687304, 0, 0, 0
1670487493.997885954, 1, CyclicSynchronousPositionMode, 0, 0, -0.08738, -0.00417292, 0, 0, 0
1670487494.002859773, 1, CyclicSynchronousPositionMode, 0, 0, -0.0771, -0.00368199, 0, 0, 0
1670487494.007858572, 1, CyclicSynchronousPositionMode, 0, 0, -0.08738, -0.00417292, 0, 0, 0
1670487494.012886340, 1, CyclicSynchronousPositionMode, 0, 0, 0.00514, 0.000245466, 0, 0, 0
1670487494.017906101, 1, CyclicSynchronousPositionMode, 0, 0, -0.04112, -0.00196373, 0, 0, 0
1670487494.022865857, 1, CyclicSynchronousPositionMode, 0, 0, -0.09766, -0.00466385, 0, 0, 0
1670487494.027855978, 1, CyclicSynchronousPositionMode, 0, 0, -0.06682, -0.00319106, 0, 0, 0
1670487494.032845061, 1, CyclicSynchronousPositionMode, 0, 0, -0.04112, -0.00196373, 0, 0, 0
1670487494.037859894, 1, CyclicSynchronousPositionMode, 0, 0, 0.00514, 0.000245466, 0, 0, 0
1670487494.042889875, 1, CyclicSynchronousPositionMode, 0, 0, 0.00514, 0.000245466, 0, 0, 0
1670487494.047894593, 1, CyclicSynchronousPositionMode, 0, 0, -0.11308, -0.00540025, 0, 0, 0
1670487494.053026236, 1, CyclicSynchronousPositionMode, 0, 0, -0.06682, -0.00319106, 0, 0, 0
1670487494.057851880, 1, CyclicSynchronousPositionMode, 0, 0, -0.09766, -0.00466385, 0, 0, 0
1670487494.062850874, 1, CyclicSynchronousPositionMode, 0, 0, -0.14392, -0.00687304, 0, 0, 0
1670487494.067919484, 1, CyclicSynchronousPositionMode, 0, 0, -0.11308, -0.00540025, 0, 0, 0
1670487494.072876429, 1, CyclicSynchronousPositionMode, 0, 0, -0.0771, -0.00368199, 0, 0, 0
1670487494.077892307, 1, CyclicSynchronousPositionMode, 0, 0, -0.02056, -0.000981863, 0, 0, 0
1670487494.082894978, 1, CyclicSynchronousPositionMode, 0, 0, -0.06682, -0.00319106, 0, 0, 0
1670487494.105105297, 1, CyclicSynchronousPositionMode, 0, 0, -0.14392, -0.00687304, 0, 0, 0
1670487494.128502310, 1, CyclicSynchronousPositionMode, 0, 0, 0.0257, 0.00122733, 0, 0, 0
1670487494.136681378, 1, CyclicSynchronousPositionMode, 0, 0, 0.06168, 0.00294559, 0, 0, 0
1670487494.139075512, 1, CyclicSynchronousPositionMode, 0, 0, -0.05654, -0.00270012, 0, 0, 0
